train_mae,train_mse,train_rmse,test_mae,test_mse,test_rmse
0.24839612674966174,0.13825945456125682,0.37183256253488184,0.27746823157920353,0.1739026028936139,0.4170163101050292
