train_mae,train_mse,train_rmse,test_mae,test_mse,test_rmse
0.20304309804933363,0.06816717880113632,0.2610884501488649,0.2089277430254099,0.07455856520158512,0.27305414335179956
