train_mae,train_mse,train_rmse,test_mae,test_mse,test_rmse
0.19980203141278027,0.06514465904411783,0.2552345177363709,0.2130916188054025,0.07555307215692782,0.27486919099260254
