train_mae,train_mse,train_rmse,test_mae,test_mse,test_rmse
0.1899226103342387,0.05877840097262079,0.24244257252516685,0.2106929699065523,0.07454285686036971,0.27302537768560947
