train_mae,train_mse,train_rmse,test_mae,test_mse,test_rmse
0.07968410059367728,0.01225189494056241,0.1106882782437346,0.22459656041255888,0.10703634709370306,0.32716409811240454
