train_mae,train_mse,train_rmse,test_mae,test_mse,test_rmse
0.07732662796632045,0.01051791478490518,0.10255688560455208,0.18947933226363625,0.06143303275534346,0.2478568795804213
