train_mae,train_mse,train_rmse,test_mae,test_mse,test_rmse
0.07312306934926109,0.009007136299857815,0.09490593395493148,0.1876639491142805,0.06077273041264843,0.24652125752690868
