train_mae,train_mse,train_rmse,test_mae,test_mse,test_rmse
0.16231358810741503,0.0426146840686618,0.20643324361318793,0.18294723610443986,0.05851163985273521,0.24189179368621666
