train_mae,train_mse,train_rmse,test_mae,test_mse,test_rmse
0.0,0.0,0.0,0.27596774193548407,0.13808870967741946,0.3716028924502868
