train_mae,train_mse,train_rmse,test_mae,test_mse,test_rmse
0.18684686101702422,0.05667119761730682,0.238057130994446,0.22018045668572836,0.08043390598870133,0.2836087198742333
