train_mae,train_mse,train_rmse,test_mae,test_mse,test_rmse
0.3158841499702439,0.23772785161674273,0.4875734320251081,0.3532353475692866,0.3115892542442296,0.5582018042287481
