train_mae,train_mse,train_rmse,test_mae,test_mse,test_rmse
0.19301563382452488,0.0636694230087194,0.2523280067862452,0.19051358883611494,0.05994635246351215,0.24483944221369267
