train_mae,train_mse,train_rmse,test_mae,test_mse,test_rmse
0.19123884881941997,0.06294420892218555,0.25088684485677115,0.18767581010793194,0.05892762871435264,0.24275013638379822
