train_mae,train_mse,train_rmse,test_mae,test_mse,test_rmse
0.2592279621516405,0.16060052649762482,0.40074995508125116,0.3062730422753776,0.24994824741864385,0.4999482447400369
