train_mae,train_mse,train_rmse,test_mae,test_mse,test_rmse
0.19764938538584442,0.06595152643534385,0.25681029269743816,0.1857994985525872,0.05893171920992261,0.2427585615584394
