alpha,mae_avg,mse_avg,rmse_avg
0.0001,0.2642595420453566,0.15631997455912638,0.39132991634986597
0.00020691380811147902,0.26374129723064,0.15626064950551594,0.39121767652083284
0.00042813323987193956,0.26278707067801627,0.15626584373848892,0.3911447555915796
0.0008858667904100823,0.26116675530340755,0.15681329232326044,0.39165087192210124
0.0018329807108324356,0.2600936862808539,0.15973415829857357,0.3949775709127958
0.00379269019073225,0.26260414784942016,0.1675176835427496,0.4041741991032584
0.007847599703514606,0.2721761004068969,0.18465120075215619,0.42420337334199265
0.01623776739188721,0.2974302311792276,0.21502659030715776,0.4588566951199982
0.03359818286283781,0.31609254116246815,0.23845573174965268,0.48392436467292493
0.06951927961775606,0.31609254116246815,0.23845573174965268,0.48392436467292493
0.14384498882876628,0.31609254116246815,0.23845573174965268,0.48392436467292493
0.29763514416313164,0.31609254116246815,0.23845573174965268,0.48392436467292493
0.615848211066026,0.31609254116246815,0.23845573174965268,0.48392436467292493
1.2742749857031321,0.31609254116246815,0.23845573174965268,0.48392436467292493
2.6366508987303554,0.31609254116246815,0.23845573174965268,0.48392436467292493
5.455594781168514,0.31609254116246815,0.23845573174965268,0.48392436467292493
11.288378916846883,0.31609254116246815,0.23845573174965268,0.48392436467292493
23.357214690901213,0.31609254116246815,0.23845573174965268,0.48392436467292493
48.32930238571752,0.31609254116246815,0.23845573174965268,0.48392436467292493
100.0,0.31609254116246815,0.23845573174965268,0.48392436467292493
