train_mae,train_mse,train_rmse,test_mae,test_mse,test_rmse
0.19978326812008299,0.06505425838850341,0.25505736293724873,0.21383311591582468,0.07596147854469283,0.2756111001841051
