train_mae,train_mse,train_rmse,test_mae,test_mse,test_rmse
0.19038104235784659,0.05960765558992377,0.24414679107029805,0.2076565545342726,0.0726478032497035,0.2695325643585641
