alpha,mae_avg,mse_avg,rmse_avg
0.0001,0.22244710163630935,0.21474949002651605,0.39102619293487767
0.00020691380811147902,0.22227877345445193,0.21306949206107245,0.38997795481104486
0.00042813323987193956,0.22210943744904504,0.21535768575590075,0.3911239033430044
0.0008858667904100823,0.22208607327189508,0.22287404547063186,0.3952234379537197
0.0018329807108324356,0.22271879239473608,0.24333707514142314,0.4060377405492468
0.00379269019073225,0.22313700959105454,0.25143802567185075,0.41056662547513856
0.007847599703514606,0.22411118499671182,0.2567969453485643,0.4144837957023137
0.01623776739188721,0.23090084233310013,0.323506597712709,0.44906257710094055
0.03359818286283781,0.24432758251640876,0.4598175067369616,0.5090996533227046
0.06951927961775606,0.24418119046789424,0.16380492837596172,0.3768766176919155
0.14384498882876628,0.24328123627660853,0.10393054783936251,0.3208944353214367
0.29763514416313164,0.24967442425191858,0.1235081839904347,0.34736813450051784
0.615848211066026,0.25159830328085764,0.1328859914069858,0.3602803038667397
1.2742749857031321,0.28489937092714773,0.18807716455061615,0.4281936971194149
2.6366508987303554,0.31609254116246815,0.23845573174965268,0.48392436467292493
5.455594781168514,0.31609254116246815,0.23845573174965268,0.48392436467292493
11.288378916846883,0.31609254116246815,0.23845573174965268,0.48392436467292493
23.357214690901213,0.31609254116246815,0.23845573174965268,0.48392436467292493
48.32930238571752,0.31609254116246815,0.23845573174965268,0.48392436467292493
100.0,0.31609254116246815,0.23845573174965268,0.48392436467292493
