train_mae,train_mse,train_rmse,test_mae,test_mse,test_rmse
0.24905660393384188,0.14226494224390976,0.3771802516621327,0.2801596256327005,0.1797796683739394,0.4240043258905968
