train_mae,train_mse,train_rmse,test_mae,test_mse,test_rmse
0.20707405835102724,0.07307012141463247,0.2703148560746014,0.2090976271958174,0.07624635978602522,0.27612743396125133
