train_mae,train_mse,train_rmse,test_mae,test_mse,test_rmse
0.1841842723004694,0.06199014573552422,0.24897820333419596,0.1966801075268817,0.06877234543010743,0.2622448196439873
