train_mae,train_mse,train_rmse,test_mae,test_mse,test_rmse
0.244943661971831,0.14266746478873243,0.3777134691650967,0.32967741935483846,0.2515922580645161,0.5015897308204347
