train_mae,train_mse,train_rmse,test_mae,test_mse,test_rmse
0.18780281690140826,0.06489035993740201,0.2547358630766426,0.19068817204301056,0.06441835125448009,0.2538077052701121
