train_mae,train_mse,train_rmse,test_mae,test_mse,test_rmse
0.18498591549295748,0.06161626760563367,0.24822624278193003,0.19832258064516076,0.07018258064516103,0.26491995139128544
