train_mae,train_mse,train_rmse,test_mae,test_mse,test_rmse
0.20269838388991787,0.06795450002892843,0.2606808393973911,0.20956016026700114,0.07484720496215205,0.2735821722301218
