train_mae,train_mse,train_rmse,test_mae,test_mse,test_rmse
0.18821481502066664,0.05772191299992251,0.2402538511656421,0.21413736240845055,0.07653313118986142,0.27664622027033264
