train_mae,train_mse,train_rmse,test_mae,test_mse,test_rmse
0.1998165201795335,0.06503894795178877,0.2550273474586378,0.21356962543010902,0.07581852005397824,0.2753516298371561
