train_mae,train_mse,train_rmse,test_mae,test_mse,test_rmse
0.24663029497696853,0.14147423876667684,0.376130613971632,0.28034801598485093,0.18141186657650601,0.42592471937715237
