train_mae,train_mse,train_rmse,test_mae,test_mse,test_rmse
0.15726151458629176,0.05139442134384718,0.2267033774425233,0.19695678030595853,0.07614967331834857,0.2759523026146884
