train_mae,train_mse,train_rmse,test_mae,test_mse,test_rmse
0.1650946840383738,0.04261793857696646,0.20644112617636648,0.19842985021086013,0.0690842399586702,0.2628388098410701
