train_mae,train_mse,train_rmse,test_mae,test_mse,test_rmse
0.19809533580426417,0.10751734520905916,0.32789837634404223,0.27156696361929394,0.17369091955928606,0.4167624258007025
