train_mae,train_mse,train_rmse,test_mae,test_mse,test_rmse
0.15063744407182403,0.03171920901893123,0.1780988742775519,0.21123666268437835,0.07881703951291519,0.28074372568753014
